model,MAE,MSE,RMSE,R2,CV_RMSE
random_forest,43.657250000000005,2915.0493915277775,53.99119735223305,0.23372669822287895,60.583203881404884
linear_regression,44.06229131684889,3042.0444967457634,55.154732315058546,0.200343744620876,59.8798129494034
gradient_boosting,49.269920717063734,3449.9224698464736,58.736040638150556,0.09312566383006116,65.22845215436337
knn,45.7126805383987,3546.2365044043154,59.55028551068681,0.06780778294522549,62.62501544692382
